Time to 1% creep (h),Time to 2% creep (h),Rupture time (h),Rupture time based on gp (h)
0.0741468582624274,0.09844952101685586,2175.532041651606,5761.687013280596
