Time to 1% creep (h),Time to 2% creep (h),Rupture time (h),Rupture time based on gp (h)
0.07414604077027938,0.09844872924440029,2175.532041651606,5761.687013371327
